{"cameraMode":{"drawMode":0,"name":"Shaded","section":"Shading Mode"},"sceneLighting":true,"audioPlay":false,"sceneViewState":{"showFog":true,"showMaterialUpdate":true,"showSkybox":true,"showFlares":true,"showImageEffects":true,"showParticleSystems":true},"in2DMode":false,"pivot":{"x":-2.615170478820801,"y":-25.090757369995118,"z":-25.95363426208496},"rotation":{"x":-0.00023013864120002836,"y":-0.9171952605247498,"z":0.3984376788139343,"w":-0.0005302150966599584},"size":58.79149627685547,"orthographic":false}