{"cameraMode":{"drawMode":0,"name":"Shaded","section":"Shading Mode"},"sceneLighting":true,"audioPlay":false,"sceneViewState":{"showFog":true,"showMaterialUpdate":true,"showSkybox":true,"showFlares":true,"showImageEffects":true,"showParticleSystems":true},"in2DMode":false,"pivot":{"x":7.958669122673581e31,"y":1.4461169687089539e32,"z":4.822702006624053e31},"rotation":{"x":-0.15291017293930055,"y":0.26904579997062685,"z":0.043308645486831668,"w":0.949924886226654},"size":114.92070007324219,"orthographic":false}